0.7473080406778664,1.740308431192344,3.504895298583209,3.19771800492969,4.978084909601487,2.0739232694259067,6.287706511203381,5.968193291346119,5.072427218149228,1.0
0.7830818481107888,2.477178287816905,5.487699735435004,6.157963085715797,2.5254622071870836,0.7900566356865605,6.671876859434651,7.405978013503785,7.814753546103953,1.0
1.1572512439909626,0.777768385429483,0.4655340934358585,0.050029570680596866,4.445682267218709,-0.18839312246186918,3.0869610582860973,1.736352576668292,0.7763707963003171,0.0
2.330971197361367,2.380743149635531,3.434238648118303,3.416121334133264,3.144796351123659,0.15851608486008517,3.190451523739871,2.9925976603115045,2.7818901298801606,1.0
-0.24756756555205714,-0.0450730548231797,0.6937004329737484,0.38165820564756,2.704340125717809,-0.40901749325032616,1.7409469875939063,0.9292822015741347,0.4269017587849574,0.0
-0.2705732145433601,0.26571170046203213,5.032752015742343,6.022859024546635,2.693661100738135,0.19850905501930172,3.131005002645231,3.436510366667432,3.6099435650790475,1.0
0.4484571738879204,0.7331311786086816,4.062971401159633,4.076187390869474,2.0606395852240618,-0.48128343801857854,3.3073644580572044,3.3787689464590924,2.9926410568395796,1.0
0.496570105689371,0.09231543702976612,-0.35522305434185986,-0.4570041569814804,-1.064088359613681,0.24581497525451743,0.7609427279741255,0.1886827740749534,-0.08771210103194702,0.0
0.40913297128540155,0.04830002234314777,-0.20314325793546842,-0.3529247886944996,1.4502720864962895,1.2525705924706267,0.9595509663342903,0.2672122042132722,-0.11383317824393949,0.0
-0.689118069114533,-0.18378093644356402,0.7924846299309437,0.3793425343898534,1.4771128523610875,-0.21420747234807896,1.4241095361681633,1.0238822129285785,0.5710299878974471,0.0
0.5890674179527348,0.2213586458462833,0.22772416741043822,-0.027458237992124122,-0.5541970791792966,-0.1649120503657535,1.6252555015649857,0.8301487434156617,0.3043888685256624,0.0
0.3277244617958496,0.6778620877640593,2.8061060792845693,2.7133075184029796,1.9100629723236495,1.240373229882611,2.7388308306319873,2.928947706522573,2.8823764905163367,1.0
-0.8289671391157399,-0.2149566933042587,1.6758867567763964,1.4370871228031816,1.0641495774715957,0.06137278064903446,1.4000654188300747,0.9964158276029458,0.5577682736832801,0.0
-0.7320673787228639,-0.14706998278047972,1.235984592351002,0.7419295629142159,1.9542590826854758,-0.5222892597177436,1.264354637923923,1.095987341485821,0.7415080832388415,0.0
0.47909471957386107,0.18972854770085693,1.815212687313088,1.6780749292374346,1.8315084961235226,-0.06592819248734957,1.654329813669472,1.2563710633490275,0.8171325634958123,0.0
0.5500030346575225,0.25340001318456107,1.1123421059401741,0.8749077589478146,0.32223260695071615,-0.30915963427303866,1.1969944884253965,0.9384908781718754,0.7011034537658245,0.0
-0.3656769098756095,-0.13073412549039543,0.08701450437929019,-0.16130503206568367,0.2286566016168948,0.4656686856341703,1.0751524897415479,0.5680949670844552,0.24587793248256073,0.0
0.39891605695363636,0.20376083206802073,1.0589998667875125,0.7845368014825319,1.6860540296625812,-0.5148108316656821,1.620616592688859,1.1042291017085482,0.7436850196628519,0.0
-0.916495579157172,-0.2577960891177369,0.6154120449106084,0.20491643102040583,1.2298960948861224,-0.39482405012892646,0.8223510888746702,0.48378467560765337,0.19809066945940554,0.0
-0.20319377631532048,-0.15894685610437156,-0.3449840901299235,-0.39647589115315335,1.8428534836700647,-0.2586761557226878,0.3894915449275277,-0.08816976985288437,-0.2422395619361766,0.0
-0.43326528241209805,-0.08788407751641122,0.8370996744792689,0.4207537161711071,1.569279061826557,2.278373265736634,0.7547562894018786,0.5163357393413132,0.3694018142920881,0.0
0.4601672649009171,0.31372531948940635,0.7618712641106654,0.35268545496825177,0.5351301001195947,-0.5207995073017699,1.2359561509850192,0.8666844543093483,0.5687280572760522,0.0
-0.6790274299003205,-0.17825158737770153,0.7146973163308353,0.2960747142565058,1.0691270181071995,0.5878684505489051,0.9937742578064334,0.45261802519012123,0.1225931889140789,0.0
-0.2828818970915297,0.00941613832419903,1.0832100775712108,0.8748610087173665,1.52323831484357,1.3075955813510456,0.7839412097168345,0.8822430807311841,0.8722990078351912,0.0
-0.42200383772063943,-0.15794426855964627,0.772106078015804,0.44804718555185896,1.8665982012312297,-0.4611872525252773,0.8855873062341897,0.5324517687736229,0.27791832580417153,0.0
-0.49860123168078424,-0.09152836177961104,1.8111221612215482,1.5182185485015778,-0.06459903692789667,0.7330920850660133,1.5878123440301033,1.1745834736743563,0.9684844939022487,0.0
-0.783804256263098,-0.22627442979974682,0.4984447508043633,0.15820252047017128,1.4951181895532508,-0.1511805022249826,0.6104998839654221,0.35583097573020167,0.1721542962491876,0.0
0.7604415987374524,0.11393445359352257,-0.11356377260313827,-0.12804599809096778,0.2585760248496916,-0.1330997637934567,0.3137269238965805,0.09830108021297015,0.027381140431891805,0.0
0.9593774243588369,0.2139889116583168,-1.0446944008527037,-0.8182911615362524,1.5526404648359013,0.6008476633902562,0.5394914877829814,-0.13488387188176656,-0.32390980522044255,0.0
1.0525061218317877,0.6539817491158751,2.5122118682322725,2.672491456076821,1.408257385403539,-0.2699068867693878,1.64375004295627,1.6920424925937843,1.5846281457170788,1.0
0.2806003830068122,0.11037428708034387,0.39714275921854747,0.21458445038997234,2.5816558494589343,-0.4323068120875975,0.8990980453786568,0.4244241191288708,0.2893165196502632,0.0
-0.2986994611293268,-0.17187554690049764,-0.3633082397006428,-0.45036210834637486,-2.236477023663821,-0.4627877755498162,0.3480860778043019,0.029223182750538878,-0.2172440116325699,0.0
0.9556174175604949,0.14896204981709357,-0.7107429626916142,-0.6332633552611825,1.9796852246609502,-0.414054494745836,0.49752338545862196,-0.11860526597127757,-0.26619319274340647,0.0
-0.6241520779561766,-0.2914222717062252,-0.28829031853947346,-0.25971418910567345,1.4142931025804668,0.6692350355296341,0.2036457419357089,-0.1073164413049466,-0.2754711430422888,0.0
0.6213441230172216,0.028086537363919608,-0.3398102292191595,-0.3431950135500554,0.9743499497937701,-0.25541289107489157,0.44737256089652755,0.08822564294603806,-0.11516210449270574,0.0
-0.8798821642403377,-0.12008762677567743,2.452607089833497,2.1024889661352164,1.4919586514663374,0.8230144935751941,1.4783885401641992,1.5370111345537607,1.5002930076051502,0.0
-0.6693321996559326,-0.25166397909682026,-0.14774552662313153,-0.2546443206920299,1.5871971579148592,-0.5200561572292328,0.17390036747627546,-0.04518974794974169,-0.16008412581743378,0.0
-0.1835407112020334,-0.1402178294072293,0.5677610940665407,0.39740432151061766,0.7896931520603175,-0.5028618572904346,0.7968481550720786,0.4511508695584936,0.20124847981802096,1.0
0.049863870003188274,-0.07452247623466253,0.04059799163334852,-0.1454522296587119,0.4204280677686696,-0.4772725261014948,0.3643667007718056,0.06702824392549583,-0.1212536408633505,0.0
-0.6360264880921281,-0.23635393380740272,0.4351837235133591,0.2779807246534815,-0.06482078692830988,0.9408189162290667,0.06946900180798972,0.04806741029008093,0.00527655207331862,1.0
-0.2218915950645971,-0.07372432873188488,1.0297794441612487,0.731999993360684,1.2865056972497986,-0.2328484987403519,0.7194944935899505,0.4534147570291084,0.21559033246507153,0.0
0.7000000919406694,0.050365070150902594,-0.15388150221719665,-0.2041066910038072,0.8252783321677118,-0.518816999387477,0.061145557795759746,-0.1705796695444838,-0.27792741492560563,0.0
-0.2954375855439818,-0.04174177898224212,2.64485143845484,2.7487114128795183,0.6100025308207427,-0.5230452840491066,0.8426089148404922,1.1306669278264436,1.2074920975869576,1.0
1.9168655857999113,0.4188074378989469,-0.8920522353415627,-0.6889586486264502,1.7072208507779933,-0.1887066013876009,0.42344948807410315,-0.12747111768872169,-0.3296048411453689,0.0
1.7208622387287116,0.4210082186075067,-0.18849340855259264,-0.22565867396097686,0.03094296448895751,0.35950402406444953,0.1822720877873237,0.0500418137176809,-0.03316439573744533,0.0
-0.6545913501547338,-0.23184352785485454,-0.3231070573588584,-0.43331777889968803,0.25722133974675343,-0.0278103301573977,0.25776590277336003,0.012476920103790548,-0.16564405227790496,0.0
-0.45908840392457856,-0.16281553539447546,0.5872398136280098,0.4723022592734541,1.0397160974564743,-0.5215793839117273,0.5069919544521252,0.44200529341404493,0.35541906517708494,0.0
-0.47059929050039834,-0.1999624988128348,0.29338001711440287,0.0926078441744077,-0.9289324455979456,-0.5226204560911839,0.4964798986017022,0.2128052267650844,0.06005897942190441,0.0
0.09177980082573516,0.18072428420922373,0.4217060341335893,0.07687912756788058,-2.8959310701301115,0.5715964161265488,1.2658738201432407,0.7960312855188036,0.3560657186360464,0.0
-0.21796427798326723,-0.09440602869963681,0.7839310396858074,0.5611732741659409,-0.32335634155755383,0.1438485196418309,0.5064917339237164,0.4700315979114014,0.34971332356715734,0.0
0.8438857689401125,0.21979826995780652,-0.19681962097233419,-0.37580321325436444,-0.7812348232779267,-0.311333228356466,0.6037118338656401,0.18980709363186302,-0.06138570086267959,0.0
0.05550404162597519,-0.11486172802412896,-0.563474752563225,-0.5480346102868442,-0.20820422417652684,-0.5153113655107645,-0.21546754356700518,-0.27495344952093487,-0.3461235998042301,0.0
-0.050961971712333125,-0.07197033290388782,-0.5977498828455102,-0.6017413264734217,0.6456105414324484,-0.5188072083707713,0.13457568994153066,-0.18551776100176945,-0.26522098413255435,0.0
-0.3749836367934089,-0.1550602139160632,0.19265864933569973,-0.041288335607756355,0.003123382149495276,-0.27642382885834593,0.2108054730214878,-0.012677071968841505,-0.07870437603827635,0.0
1.5934612984364407,0.43560697423186434,-0.5580490313079172,-0.5412691543550477,0.09834721489212586,-0.4538973564760901,0.3939063154429375,0.0031357256421554393,-0.19226563984771003,0.0
-0.37352572384002647,-0.1590608022028765,0.03837881105790607,-0.10376540713582919,1.4400329297612389,-0.39432536381248073,0.5386372872545163,0.19756948683974787,0.05701274056439091,0.0
-0.20310547570172832,-0.1550471415996848,-0.2394976963744405,-0.31320463022939776,1.3133631466350606,-0.47391266749688177,0.29180880605095383,-0.023444440243913872,-0.219935098168065,0.0
-0.512652753978428,-0.2105508818075214,0.4977480680336551,0.3487790396572995,0.20646345037970515,-0.2661303919007686,0.32389493516084683,0.23505611579065866,0.16974855281828247,0.0
-0.25963371686628683,-0.1362108726008423,-0.2155465913171872,-0.3962862719610458,-0.5532986129233313,-0.4487351005351233,-0.11292569635713068,-0.11430538080225897,-0.18360169794654385,0.0
-0.2592024811812575,-0.14879752695807025,0.3478739346511012,0.29028229923734117,0.2156562185895694,-0.4803596832098206,0.16065032649577773,0.2272276834820072,0.22990745147168226,0.0
-0.14661032637300492,-0.13414480360193667,0.19809989853335044,0.02089304820819403,0.5042746138283837,-0.5190738518656347,0.12901777415791646,0.011682739346477873,-0.07252885650364607,0.0
2.3474173906093316,0.5509503042245347,-0.9469848669472005,-0.6989643617750642,-0.3253835030898272,1.4301809736530444,0.28731024900600755,-0.17824012179050996,-0.28324955913120525,0.0
-0.14233742125401955,-0.024326876422729394,1.8352473226105313,1.8760763306166337,1.606441672828413,-0.4797458306249322,0.8294380819252297,0.81727255434675,0.827271875490119,0.0
-0.29437314645528845,-0.15318399591140777,-0.28190822194661086,-0.3836590637407156,0.005187657684826421,-0.26024802950677006,0.44073401420583774,-0.16639144239738132,-0.28552629534162305,0.0
-0.3915946330151369,-0.09681262182739811,0.4854209886680375,0.11096948065176249,0.3532117816241432,-0.37900778101438587,0.3787826377693946,0.2675577819696347,0.20095063833118157,0.0
3.4106447582886745,0.8666471365112182,-0.7206861521608606,-0.5462753356854992,0.9499374296627559,-0.489836409456074,0.08436213967502473,-0.21320689334678963,-0.31579700376008296,0.0
-0.3669925135299097,-0.19868940638735486,-0.7018711443905504,-0.624075307852288,-0.6457703701637703,-0.37025005729392024,-0.07149632490375744,-0.2867871034104969,-0.3282244498869762,0.0
-0.05696493816755911,-0.1549485801631939,0.4583567052802266,0.541663526091473,0.6478647275983589,-0.4452549199949976,0.37676904495394153,0.22796294393572475,0.15550108707840787,0.0
-0.8983679306960539,-0.27377411516440725,1.0379602147053273,0.7342722254142197,1.168026456238749,-0.05205767337373528,0.4463468923337596,0.39377742171212965,0.2903790326549908,0.0
0.7874534668700103,0.22652581547980993,1.1896959536519176,1.1252948431734169,1.2057418873715215,-0.07133572477816981,0.7791352301572002,0.6614498009207628,0.6016306848410864,0.0
0.1196084876771169,-0.06175613217296123,-0.7089427769069678,-0.6490053042774652,0.8378647242350648,-0.39625939455695425,0.047074393334726836,-0.2312806971061978,-0.33305956943717496,0.0
-0.6950103239981769,-0.20233077981810854,0.7907367908867433,0.49467459351916515,1.140500467756649,1.2793747215740199,0.37425335402947574,0.4425452737188531,0.43025400830142857,0.0
-0.18383347434913344,-0.2182404591501792,-0.9798010620135547,-0.7589109058464617,-0.8284990286959383,2.8259691866336323,-0.19974380532348382,-0.40987802993933703,-0.4672144333296727,0.0
0.5990311973893242,0.024525657330661248,-0.45487911443349616,-0.48024563011112387,0.03647242300232789,-0.47380470183875656,0.17105755267132944,-0.1374241512594865,-0.3558724027202353,0.0
-0.3133660792044312,-0.04239727455318856,1.5609682163785827,1.2290872303473905,-1.1360029315352154,-0.32363422658800495,0.8198128195864124,1.0343362810216346,0.9817450432147996,0.0
-0.47049222633927096,-0.2178600008273477,-0.28858129191245047,-0.3134204904812657,0.30904438403625584,-0.3601441244643049,0.1857664644954781,-0.06745229979598313,-0.1401894180392939,0.0
1.202896125715501,0.280791362657585,-0.8586774274505682,-0.7259802684350846,0.7642655614014412,-0.49941598056972153,0.42650588221237073,0.0005856991692063552,-0.21247957130878106,1.0
0.03823200050754211,0.22366098217298783,1.4839911091207798,1.036195065251283,1.0580478822175865,1.4048277515475494,1.0812753125173362,1.0034856146765005,0.8995137615432063,0.0
-0.8400956490419045,-0.23531901425292998,2.174234910389238,2.20364825501636,1.1685710971259526,-0.5180806690292082,0.8001751902665675,0.848503428940583,0.7626075977522334,0.0
-0.34947719307780756,-0.1539723831129173,0.018771313352557398,-0.182633864633602,-1.091308848056264,1.268573241534812,0.24470724247891007,-0.02175375846913829,-0.0845149344757358,0.0
-0.6896420989124611,-0.27705814249363436,-0.4035010630796943,-0.3421021212835083,0.9140633870466497,-0.44396289954019563,0.10152504081392089,0.021604954742351155,-0.1447320289989487,0.0
-0.09819052178619067,-0.13993938399137928,-0.5769166608242173,-0.5429587457635134,0.273309377353901,-0.4133396696851524,-0.20911243946798885,-0.2615268651198108,-0.2614738848671972,0.0
1.439128983028986,0.5428482100610814,-0.23256804163343964,-0.3918618165049957,3.000538005518549,-0.39065538172161884,0.4649619134499595,-0.09362312363478689,-0.1708166438950005,0.0
0.20382338170799233,-0.06832363187826411,0.7709042855689676,0.5998456508958375,-0.1982785700701292,0.20520773247730167,0.29776887407087316,0.26844616511072605,0.20537314405866802,0.0
0.10946498587088634,0.05669800787512303,0.4874032933099398,0.2661072590603777,0.5703643668424454,-0.06393750324676467,0.4015221570371143,0.2885008318098786,0.23303667735080044,0.0
-0.288365995561991,-0.08580972785387112,0.8606637415447059,0.5074740090577036,-0.18048064617278142,-0.2807060277338771,0.6457501835877059,0.5328294219360082,0.34740211107664726,0.0
1.062181212107603,0.254152191535893,-0.8144790892011775,-0.7310304661506092,-1.326789068171084,-0.2051374658653909,-0.007173568740188079,-0.28432338319905,-0.4234336501218488,1.0
0.5287665307565729,0.16570230541302325,0.711120874677714,0.5623712454262639,0.6991092743449973,-0.4434686086656376,0.42161968010969253,0.3920925139119929,0.41958812547586094,0.0
0.6896407207904443,0.22396874139938291,0.9013203925096991,0.7795100601313507,0.6161668452930606,-0.5187860379736028,0.4667463161018886,0.6429198727468741,0.6471771375066866,0.0
-0.22147190080630136,-0.17678756189891787,-0.4402364309813717,-0.32101290879036254,0.8481626421709114,-0.04623439885293362,-0.08124868753393827,-0.11254525109330615,-0.13858097472572994,0.0
-0.4327246938912581,-0.12562629079848725,1.2901496009131561,1.0696518064218812,0.38562020860901897,-0.513789623095939,0.2515585987823392,0.4862550699772095,0.5820944637968415,1.0
2.083778427733118,0.6593111470622268,0.5099058597053704,0.439373208450532,1.4393084093591362,-0.4612229353675708,0.4384604220187968,0.35910672969462704,0.3216819679062237,0.0
-0.4529186810484832,-0.245343144818246,-0.3849623108655705,-0.3497834544598771,0.8148871409684185,1.7138080823063533,0.09130267494979502,-0.09459767765503478,-0.23155826982424105,0.0
-0.5075511055240263,-0.18170488762696416,-0.009986919244915356,-0.12835243247987177,0.6422686848349517,-0.5213340089112071,0.10983161292230437,0.09803422177585945,0.05058595904358152,0.0
0.03292979787335034,-0.11775076851209397,-0.0754378341434904,-0.16109576458303937,0.37560564333909874,0.34891649265354086,0.17197808331259318,0.07619346124151115,-0.1478372656003884,0.0
0.16184706830266335,0.0856761433439808,0.2001237032881956,-0.10238790369774879,1.2599446636340152,-0.3229228208743902,0.19479210499646035,0.0015406456408200895,0.04073545281809575,0.0
-0.5440877073415377,-0.22541983222502776,0.5096032331416206,0.4328623613217295,0.16965272477049623,-0.10594400738173419,0.2901470870062291,0.35212362193981495,0.2736585912797967,0.0
-0.1971365298045017,-0.18256331337633772,0.4714268440179078,0.37469976403939015,0.6123051587420549,0.08637411766479658,0.10365505980162444,0.009841365190642517,0.011960815260380668,0.0
0.29710124311136366,-0.039209814313732806,-0.38774543951778223,-0.41393478652629734,0.9602296153042942,-0.35338770777038814,-0.2226453077556754,-0.2812227595243108,-0.2739191912353772,0.0
-0.9914661585220965,-0.3462467845305315,-0.8219480729928641,-0.5826520069800732,-0.6050689208516487,-0.5226403096082328,-0.38483109493664086,-0.47887757610039133,-0.4677936194583435,0.0
-0.4499166370449107,-0.24456237291852276,-0.7013268198783315,-0.6411131833740742,0.033369657740960026,0.685399188424851,-0.45947539309690355,-0.44563552539350937,-0.4510216521458677,0.0
-0.050452273804985716,-0.004521791820898538,0.2942186232377656,-0.004932416885880076,-1.6271187083145524,-0.46875663287695657,0.244498083796483,0.18487978744285719,0.19326465595146022,0.0
-0.33965629751664056,-0.16758790777138863,-0.2688676950934039,-0.3635490387208724,-0.1588893582610029,0.10671675215154368,-0.06371021642260773,-0.24123988085249462,-0.25200424950865546,0.0
0.6661256954584481,0.01541906832430346,-0.7926659582018641,-0.7009320346474707,0.7117385333445977,-0.2540681459253437,0.24574164595242082,-0.16884230781982035,-0.35433177915543707,0.0
0.882312728515403,0.20748569526249597,-0.6273391096467011,-0.6426740425307171,0.6743234247234263,0.09024158809465622,0.010280275631756385,-0.27404076529789906,-0.32055170192052007,0.0
0.6209425752384069,-0.014420883816504857,-0.7101279742188018,-0.5863633823904013,0.11740910399450198,-0.42052204356682077,-0.22826368215925763,-0.37698660994159905,-0.38377707592796206,0.0
-0.2900747331649772,-0.12336565933071213,0.2089051207803396,0.11726503235044942,0.045271823866448416,-0.4311875310544286,0.3172012366278558,0.26337959672595707,0.1974180662470348,0.0
1.0808826824503188,0.04856384658806597,-0.7060728623659405,-0.5284523617406565,-0.23708075367966971,0.19859649796699225,0.12512556734221886,-0.10627017585880483,-0.2520428821804992,0.0
-0.5409795812639668,-0.13666284968584075,1.280517595178237,1.080206414518884,0.6156511695179462,-0.12793201132335902,0.528543661412265,0.5790629767165422,0.6704487931597086,0.0
1.2465524094460712,0.23953672748766425,-0.6749755066140297,-0.6241709825153057,0.07628990801935931,0.07630129021608376,0.3556382965868008,-0.21894645686460326,-0.36809864939149367,0.0
0.008900136342296758,-0.15423617248929283,-0.5850196827588785,-0.46575179112817927,0.0012166803883516813,0.5246402903032472,-0.36749302387318333,-0.38320126561928364,-0.3856475122219671,0.0
-0.8818663014595297,-0.320182309587852,0.5165346062805041,0.495188772612707,0.9389429983879208,0.2761813853378339,0.0043228047308400365,-0.0646603054516942,-0.09018863575012197,0.0
-0.22096980672502037,-0.09152668264062012,2.085789179063925,2.0427850878672595,0.13486169348477747,-0.44615759438590885,0.4959137482478589,0.4819796223758952,0.48841231843139177,0.0
-0.36327148306215296,-0.25419159073002445,-0.04537666355683868,0.0933749094334194,0.5208891487864316,-0.3123907858854296,-0.053052092062054655,-0.09688476320721037,-0.170434919857618,0.0
-0.6878302475517952,-0.28923236046995876,-0.7325162021181111,-0.6029107273748189,-0.786257113656906,-0.49138209802831445,-0.17338913945293266,-0.23674165740080552,-0.3030752583243743,0.0
-0.09140526111683575,-0.0893851515892135,-0.3650908477944895,-0.46642637673637954,0.7160487904292734,-0.5184576962336862,-0.18429241205413305,-0.29506627954407,-0.20690790815437754,0.0
-0.2616291194846748,-0.11876266105996815,0.5053561371215605,0.2678111183217058,-0.48614545898317646,0.9049229388611374,0.47509726593272295,0.22556762689922857,0.22404643000009283,0.0
0.5809397872877469,0.03209801400366775,-0.10518268667703058,-0.16778552946594671,-0.3341060213119842,-0.47322410985958685,0.018860299109421826,-0.15449099894965826,-0.18057774800485862,0.0
-0.3188306518944681,-0.19282232660044885,-0.08581977317946513,-0.1816014655305813,-1.1681916406857729,-0.4844345785385343,0.05646684132905489,-0.0848230266949199,-0.11903378395767383,0.0
-0.4777804770661428,-0.1989004555024365,-0.18589255698437548,-0.3644707142628427,0.19419382575545505,0.1292050053614668,-0.24088535923474272,-0.17727796660275166,-0.19120981644680374,0.0
-0.421465578929564,-0.1407676223790112,0.3637603404677262,0.13514525967096613,-0.6724661274157481,-0.28730015051233926,0.3044531837933498,0.2747623372670989,0.23519835892883803,0.0
1.544246633187199,-0.0028954445826345973,-1.215835599103669,-0.7647406662879012,-1.0317335959474578,-0.32378080473496,-0.7254439413787702,-0.6077541347151112,-0.5228981719612422,0.0
-0.9482306374256712,-0.25346660299979784,2.842485649960352,3.2220724579340545,-0.13471452443792833,-0.0675580964925203,0.32154745338888635,0.6733394030866048,0.881022205554064,0.0
0.4718002511892214,0.03997473248791196,0.5233506354626766,0.40519053785885567,0.41260998013165695,-0.06716718752752984,0.36565808801160465,0.27186580204243177,0.2000563831852868,0.0
-0.6426913076816609,-0.25644698927272064,-0.1267413001399827,-0.1996060979929645,-0.45331869854065177,-0.4832929354829535,-0.053710637746737934,-0.11482515511220291,-0.1503884877611723,0.0
-0.07515924060976767,-0.16295393103584616,-0.7286584922390121,-0.6458598459970634,0.33756983244209166,0.31324917047003925,-0.41356848019482895,-0.4524060307689176,-0.4594375551556756,0.0
0.031840921017584414,0.09837553594533466,1.2706608433927646,1.1396078648495171,0.4437420379911624,0.736840933044926,0.40693092908208345,0.704960241926016,0.9039750030798049,0.0
-0.5782769817139286,-0.27211497297870185,-0.2366326842705218,-0.20382737882918892,0.5149439762352713,-0.4883022269213917,-0.16249231881886797,-0.13776698831429374,-0.1780160831984702,0.0
-0.393909070659104,-0.2014575455195034,0.47761232419780447,0.16267335965387106,0.09900273080875918,-0.4865256589945978,0.11230362300718567,0.031847286322688094,-0.10759855531340688,0.0
-0.19987697362888793,-0.18511472905856402,-0.6682181575228617,-0.5780308625066366,-0.7763648882349276,-0.028598859929875802,-0.6376954041226277,-0.42971332866949524,-0.364597561414509,0.0
-0.8460442835227978,-0.25604992603673693,0.36764290081044204,0.18331005902498962,0.09817563346869386,0.8128151684194013,0.1599914560618858,0.30713739496556275,0.21927559902416918,0.0
-0.8003053085281563,-0.19814044035272396,0.7277735350846846,0.3304138626834153,1.4938010569002942,0.7902536128352782,0.42730206252544245,0.2860489653452786,0.11650526783756625,0.0
-0.052952337164444335,-0.17345705044739523,-0.19967872765330888,-0.13696126284702143,0.6989589116193866,-0.32848700736452885,-0.015983264065612145,-0.05518397262815837,-0.1106482689863461,0.0
0.661317315991954,0.18256797508708308,-0.054125103975081135,-0.22227192704974583,0.1074585703183192,-0.19434841937562067,0.372113836839057,-0.053663094724459695,-0.10478092157217948,0.0
0.38122818190488716,-0.11523094632859489,-0.9307730680288492,-0.6893717465456062,0.7056805380568385,1.2301176718127314,-0.2110700121366362,-0.3121465269894165,-0.4120056462079495,0.0
-0.5073991500222158,-0.21622288206003087,-0.06872669334885485,-0.1696469060060098,0.7152280121050542,-0.5047100071104926,0.038429984932723066,-0.12145249443491382,-0.2214890486088142,0.0
-0.7517914428084247,-0.21351644691777039,0.3997255066618225,0.07796044282851596,-0.6011219111052819,0.088901325774888,0.3121098510299987,0.2518860350049032,0.2027156105640139,0.0
1.5214905634096516,0.3146829374090878,1.2724006896612747,1.3787315765009807,0.40868390912317704,0.038429643836169286,0.33280704796181854,0.41450727592139064,0.4317459219033284,0.0
-0.6342800863155528,-0.24998357499449356,1.1201966719536858,1.1334105911479075,0.30026748397655445,0.08364129747918463,-0.042122895263520733,0.07512808358657921,0.08437300908303937,0.0
0.5252757225829363,0.04154746540748372,-0.23820694821635152,-0.1814637641526941,0.28060311475096084,-0.48947382157700403,0.00819539160864275,0.04477998192125057,0.042402622181436395,0.0
-0.31584406863683157,-0.2088263657284492,-0.46375651343704555,-0.43619371625496145,-0.12119700518232587,-0.43614376160914325,-0.2438534974445961,-0.17392332041359007,-0.1791507088834221,0.0
3.436261413702942,0.8043639663671205,-0.8740557818617296,-0.6323408242547734,0.47507179129599164,-0.5209781324823701,-0.4547060555069413,-0.5279135354254885,-0.4737150680794066,0.0
-0.7789909447635063,-0.24330498516369944,0.6776705536478339,0.4946406822540098,0.19414368056588488,-0.18382501561137762,0.06574796357818573,0.2136506109103222,0.22140176062700653,0.0
3.22370575223219,0.4975682143360068,-0.9908770390246396,-0.7008411906349218,-0.31620229114959786,-0.5230429378242488,-0.2203171816972225,-0.4500961248596394,-0.4941912876836156,0.0
-0.5995512526711435,-0.1868307300124951,0.7425475644401252,0.5411754563917578,1.542773600526588,0.06124664459532792,0.3424139411288214,0.348207365354883,0.3827246132469082,0.0
4.3881478062907835,1.1611105617714286,-0.9583053964853642,-0.7352534508820061,-1.2837207998534321,-0.11836302168419326,-0.18599413060371778,-0.4195153879355322,-0.489287722620855,0.0
-0.35812763525996344,-0.14078673401028818,-0.0871242498674883,-0.35364514189101665,0.9245799126028592,-0.5212994492892172,0.021834291951441143,-0.19312085391102032,-0.31768265889618175,0.0
-0.2551061029121704,-0.15102301060941106,-0.29504813204652747,-0.44512389432561783,0.9946440379820521,0.38047735248856845,0.2700282155197545,-0.08044230315037819,-0.2604417866537229,0.0
-0.19967927514876085,-0.16263193486458768,-0.008791286545076589,0.018399626153798684,-0.2248097022333427,-0.2086292288390488,-0.1706269060280035,-0.09355163155299899,-0.028120046866449536,0.0
0.056970989571980685,-0.06739558375770834,-0.010090162235186516,-0.12638489370303138,-0.4478001268974265,1.1529566902313388,-0.050206971537917554,-0.040981895729339295,-0.09679356436901158,0.0
-0.1632314425955304,-0.022197796620049646,2.097333942740622,2.1636020239989926,1.0517828607370006,-0.26984387220319067,0.5991845114765639,0.7519431094549085,0.8458451035870558,1.0
-1.0842779079547926,-0.3206294053279137,1.1447784641350274,1.0865397119507478,0.23311965115610236,-0.19581681961726033,0.11958958972388983,0.3205547638238065,0.33392719083262745,0.0
-0.40980173834572364,-0.21455441798953925,-0.2527983089232328,-0.3549228383695526,0.3932805038534834,-0.4513805943859738,-0.04985905059247591,-0.15015251370085167,-0.2703094027890832,0.0
-0.05838574095925852,-0.16790166467527354,-0.4264439549678169,-0.41169974873690995,0.30469174075729016,-0.4511626662204314,-0.0511318946837076,-0.18117862727950773,-0.22171666394834066,0.0
-0.7513510007914783,-0.23462078773636413,-0.032437328994401764,-0.30223131366877337,0.5092610490710562,3.742571168038571,-0.23489268884659079,-0.2573985081487902,-0.2529669387819885,0.0
-0.12132135960740555,-0.1594602669030408,-0.26984735942083876,-0.3072675040590055,1.2427107241637034,-0.5224120450464804,-0.1060903037972251,-0.2048611096404276,-0.23076123568403883,0.0
0.1862380884186272,-0.1750756748570488,-0.7217110042774407,-0.5119870285451801,0.3301717249299943,-0.37637875425829903,-0.19378616935037488,-0.26301990249250456,-0.32758951416310966,0.0
-0.20292877840388293,-0.17671157062203294,0.021940993364549407,-0.037436226690466555,-0.6938222447207225,0.13883008389814108,-0.14201784834566034,-0.04193969465664756,-0.08720583821435986,0.0
-0.40350795261000044,-0.20242999995203823,0.5644968907940113,0.46476838527966025,0.0601276387004394,-0.4488267980794452,-0.0652056015418936,0.04528858436310508,0.09478462419559185,0.0
0.8568251716778635,0.13432932699980052,0.4063553493591746,0.30819513939548027,0.599750680959264,0.8648953230778178,0.10961176249523866,0.07051052221597093,0.034384841861303174,1.0
0.18714252236140116,-0.1186700261472697,-0.4568380194646522,-0.3688070051255868,-1.1720893006855562,-0.16349155720808428,-0.22943965489510115,-0.2963362434420399,-0.2829538486830086,0.0
-1.0068737973463828,-0.26215664757659596,0.5920819041571163,0.18223097577498493,0.06995332814814906,-0.34798412067006923,-0.07893879946116364,0.066293194616597,-0.02225677087125505,0.0
0.7515106029680086,0.07976576749386317,-0.801613582195986,-0.7226775587304103,1.7563752469757086,-0.34232611146950065,-0.039966069513541966,-0.3161868338835832,-0.3828977628346661,0.0
1.690111526428979,0.42931938023821953,-0.7041461208748867,-0.5777060001367317,0.29053414075901546,-0.5230285514017263,-0.1553516851492814,-0.32711207375359963,-0.32990762299846427,0.0
-0.12978189764465478,-0.09626593915103017,0.3882139051560055,0.08527947008269073,0.18930121934585023,-0.017495596690370867,0.1981761240184629,0.03574100333335623,0.0011160388906754912,0.0
-0.1009244936629188,-0.007572856039388542,0.4762992096589471,0.1376303832016358,1.0185354280312162,0.01597232250573065,0.2919005383188668,0.17523607504723612,0.14666421992514392,0.0
-0.07328533338251252,-0.07355754941955792,-0.18674215440700506,-0.39747149642100527,0.3779837227282965,-0.28145297388225815,0.02494625784802942,-0.19898513302356743,-0.2548166735056377,0.0
0.35443150669327683,-0.08375041613622648,-0.6017387334474702,-0.5664715232247166,0.5211508838501621,-0.4427726895549909,-0.4567218918324654,-0.4582741161627543,-0.44032820816008755,0.0
-0.39667772460083844,-0.21678886018944493,0.3733670182137538,0.3003596533602077,0.29443901689403096,-0.48590285707260444,-0.01585213949738118,0.022519181027261272,-0.025306565842881292,0.0
-0.61259691230936,-0.20661630199939438,0.3142607977720409,0.08497327128441322,0.3065070838604426,-0.5055938941769742,0.3804301497909839,0.21617416049776608,0.14881161806234275,0.0
-0.09946750805262183,-0.12732197147489488,-0.24324535062515462,-0.3297078536037317,0.9153496729991859,0.07217933775554485,-0.038472568814393364,-0.19444881817579548,-0.22601845781589158,0.0
-0.7973268186481778,-0.22544690845108067,-0.1414156880970881,-0.3562595878786306,0.6158700248495187,-0.5225663886957593,0.03748355944563474,-0.20853889912058793,-0.2037213661641588,0.0
-0.5645308090787934,-0.1616521194191494,0.49650988541335994,0.1093180814940522,0.45926440677851477,-0.48501909343740934,0.15447616843655237,0.12814953224479597,0.08634399155399784,1.0
-0.9611436450444366,-0.23491283221599837,2.0382757214706073,1.7084127366491446,0.5196767831920834,-0.02825875685759397,0.1894090200567449,0.4320858902001774,0.5038566053080147,0.0
-0.6402712730069021,-0.324725626611133,-1.1603844795876301,-0.7542853045315757,-1.4179797774906797,-0.38891091622172647,-0.874289224198939,-0.6954576343186539,-0.582918323627554,0.0
-0.35400921372378824,-0.18382879145856934,0.5505729441895825,0.3939233966748606,0.042197952233758565,-0.5224981698724085,0.07921650065344249,0.16663710186931024,0.1773183490820272,0.0
0.18277480721139408,-0.06155001434420999,-0.799243527530873,-0.70969928271926,-0.42670990691118643,0.6024751420486366,-0.2911701430523531,-0.3954808746625497,-0.38130687691302767,0.0
0.39851015503552734,-0.05660495308030997,-0.1340452614286521,-0.19484074687910533,-0.36083744269065443,-0.5113996407214533,-0.4087805140600643,-0.30190173306000556,-0.24875377174733165,0.0
-0.928631976053419,-0.27135408470165956,-0.07506643644334542,-0.3373611159160575,0.4097517864493973,-0.417606318714947,0.07113820141162235,-0.016722324490447204,-0.17720803912426808,0.0
2.069246449160295,0.7070067599801613,-0.16674619514367245,-0.22123768387198695,1.0239942195365594,-0.2527329855285009,0.15446508194794997,-0.1595807635043677,-0.1213151141778238,0.0
0.02159633955291152,-0.18361079128550428,-0.9586115647753684,-0.759799685518009,-0.06976865245841128,-0.2858963460471666,-0.6109173873987229,-0.5551878817846874,-0.5238279190709522,0.0
-0.33195962716363503,-0.21303783116812233,-0.08166113916246612,-0.20715528180288642,-1.1914656782482924,0.07603701545338824,-0.3964260944308123,-0.28724871256629203,-0.23727720477797448,0.0
-0.2918476954157073,-0.19590997054925602,0.21481259725338564,0.12493345669904736,-0.4306234627286379,-0.48581619892005445,-0.05229981613618564,0.05926103814857214,0.002740217550534964,0.0
-0.42919375335224313,-0.23632305830445402,-0.059885290756762986,-0.0027929558732202268,0.2220796864653925,-0.08873722893196936,-0.07716398637394198,-0.09990621160120626,-0.11707966980884946,0.0
-1.1116757884404167,-0.31212715138709807,-0.13012592120984023,-0.28459685302294097,0.5956578353238258,0.03518054509427603,0.1268969146374949,-0.060085460715566565,-0.1627569071902494,0.0
-1.2017542039660796,-0.3634347348344639,-0.41589482058124244,-0.29806101753709985,0.01155724662122534,-0.37915136280751494,-0.2987402924549487,-0.24885051725655713,-0.27824455790989044,0.0
-0.6823285834803402,-0.22339622606503753,1.1498518774112787,1.0581643411875898,-0.488220484317695,-0.5180668530970227,-0.1358776830677775,0.13303616966442153,0.29240622387837795,0.0
-0.8010114646979984,-0.29944395471370855,-0.5243980585157096,-0.4488405157950118,-0.524777442551849,0.41742671157845707,-0.5018634214618275,-0.40039314767999273,-0.3269151286971312,0.0
-0.4917884673521224,-0.2136142192201567,-0.5352522934134073,-0.5463135152832919,1.4516364192926938,-0.41267615371172217,-0.0009724556962900523,-0.2377753477495788,-0.3555454308856478,0.0
-0.5159338040185122,-0.19203286048068016,1.2269204655978947,1.1366826440611106,-1.4586262235172796,0.5209573917275224,0.14368181465118546,0.3056134809914336,0.3688900531973887,0.0
0.04773812877048009,0.06507397356954739,0.3608209916635857,0.03294607542441115,-0.08151849633872957,-0.3698651071806399,0.20947899557388144,0.15180756337888204,0.12038045944928817,0.0
-0.2744154543773128,-0.25427233436424757,-0.4853732444032241,-0.3672929597994124,-1.382996308830974,-0.5013288169019042,-0.6977354401580328,-0.4735317180684512,-0.3634620722303049,0.0
-0.5044514336793885,-0.2809023477315386,-0.26223171238706755,-0.12926949710739666,-0.6225202582775549,0.3182192354030843,-0.44494641418031555,-0.29354556142032767,-0.2416187022888309,1.0
-0.312210496822935,-0.20443571252269815,-0.18749520112473764,-0.209609650216239,-0.32998683605221035,-0.3686076652295571,-0.16876703187473902,-0.15360670818356872,-0.22584834994485822,0.0
-0.6529688036070992,-0.19271570540308997,-0.08165770701043518,-0.2753795143071957,-0.42998161115022787,0.1298949482272793,-0.15820900988939632,-0.17629364243716636,-0.17228757898570068,0.0
-0.529887919660448,-0.14885860440293172,1.0894907249575505,0.8253527059987281,0.41509359330223333,-0.5204085201228577,0.08935644654320511,0.3104474388911027,0.4275690923617499,0.0
-0.7544286193133369,-0.2704725592179961,0.6470134044412463,0.4022361077024864,-0.17024695749835184,-0.483947375250273,-0.440903536230615,-0.3196466893420148,-0.18152771462364792,0.0
-0.2233382475780071,-0.18150778282562913,-0.5682688902703501,-0.5539132658547619,0.5441726776291729,-0.11479109500206222,-0.1733073326327008,-0.2206445617233265,-0.28623052122675857,0.0
-0.13879876189043838,-0.08798017599428029,0.3235582151657363,0.09907328470217794,-0.2434713083278155,-0.4980858477936961,0.02291319863745415,0.15217560607535116,0.1717229196023155,0.0
-0.21486374805791592,-0.18384069865693461,-0.5376852801187066,-0.4164036058169679,-1.128949540002209,-0.18698231969856777,-0.3590788375337746,-0.2573840823600189,-0.20949316785832328,0.0
0.6802924217659236,-0.02644707143386915,-1.094529463769118,-0.8062471073611125,0.8307098972098389,-0.45752094461485615,-0.30833195499922267,-0.516533630562321,-0.5280772983372772,0.0
-0.33297608205912055,-0.1904798057801876,-0.12724297861886752,-0.27617557329724246,0.9583473047165563,-0.4526332802701015,0.025866261640130332,-0.05970288728296044,-0.15621783939061215,0.0
-0.07486068615793445,-0.13280984121012776,-0.393335799018497,-0.2939241087633507,-0.04552288744886719,-0.1726250206487889,-0.07540907809089638,-0.03767781927828788,-0.13766191956189963,0.0
0.7315812737914608,-0.04432005653576319,-0.33370986068891423,-0.15795049686129278,0.2064081988385187,0.07925751116089774,-0.18217448165515335,-0.2486835450119903,-0.22465631843165523,0.0
-0.532365782754764,-0.1414526917839281,0.1955897792323762,-0.09116944139566314,-1.0695962406847577,-0.5176323560597726,-0.13645089980096206,0.02389938921826133,0.0456483611946848,0.0
-0.8457610958698292,-0.2822190215574323,-0.17023435785014482,-0.30399202558613575,-1.2515995617736309,0.4460362645947487,-0.27714717541716527,-0.33485499035973587,-0.339957987905839,0.0
-0.5994447310834631,-0.2651248649544134,-0.5423586449114841,-0.47303586590506586,0.19772827790766262,-0.03736015426774591,-0.5232308069458087,-0.3871081800710702,-0.35746415267425263,0.0
-0.4743748107536749,-0.26951719945986763,-0.6203044340166954,-0.5209339078547505,0.15972125530120101,-0.41916048978587295,-0.10846019648136547,-0.21784560183442025,-0.3533717073675871,0.0
-0.2184209519869546,-0.18655029548796512,-0.6779855289521262,-0.5801183656500912,-0.27889805569426085,-0.2864618424439529,-0.24869984626696623,-0.36767911483696675,-0.34173476857339935,0.0
0.186247798066361,-0.19009606926675274,-1.199151005552693,-0.8039924931528264,-0.04093388730411307,-0.24090365124744692,-0.49223616587359265,-0.5690213722071804,-0.5157720221771955,0.0
-0.7148143600882231,-0.27550529600407686,-0.3632936715231547,-0.3680173926964608,0.16550149506784095,0.07936374856211871,-0.3695604170465342,-0.32991838163947684,-0.3325086582242764,0.0
-0.05750019513416792,-0.10330547697329685,0.06419719790270166,-0.049710184479759736,0.33190105480594284,0.8895062594752783,-0.20324221814423665,-0.17155702744536702,-0.09267815400583893,0.0
0.1493532003466324,-0.08562650754194469,-0.02434932429043846,-0.15777489919971185,0.009355908916478096,-0.4014124010011957,-0.11302553603248065,-0.10655796875133978,-0.0963126167138474,0.0
-0.0576468912262389,-0.0293729883823758,1.3137128936322533,1.0727629165164347,0.4791507703501763,-0.4901109933862413,0.2402377419366474,0.39653138088465834,0.5056566262105859,0.0
-0.17460488346793232,-0.15869622163520383,-0.19133799875938348,-0.2724639641981398,0.5065380103655216,-0.4790404692996774,-0.40121501197282883,-0.3416433758912688,-0.2793595899720349,0.0
-0.4224688142925289,-0.2514925955799758,-0.5607430321725437,-0.4966137943000505,-0.28971092913482427,-0.5009779309242811,-0.18336517543078185,-0.3862222704799413,-0.388397294104423,0.0
0.41797852605310226,-0.09362538108264824,-0.8631560944452675,-0.6745293974900707,-0.6164695728624324,-0.3970342823309629,-0.49284195601856967,-0.42322209307463926,-0.40195787610838013,1.0
-0.23305249044529394,-0.19067556362491392,-0.5295383117082169,-0.5499101139413854,-0.8736946271224221,0.06681795080257008,-0.20191441743119418,-0.33128468124219135,-0.40120320811415733,0.0
-0.6942827643003535,-0.21855517382207693,0.33605496395613343,0.05669197810324898,-0.08921394635213042,-0.46484700547594004,0.027080766702155333,0.15214748583043103,0.12015345215380555,0.0
0.8555290047209547,0.037400741436396955,-1.0690325199634458,-0.7911981066145899,0.3149912571425837,0.15389232950572038,-0.19191185515561177,-0.36962976464891917,-0.3997700956932554,0.0
0.08031797878205682,-0.08178072761774138,-0.38401889955149615,-0.479083695303197,-0.13285678297247888,-0.18351545010145423,-0.3825732031712617,-0.42934889516943003,-0.37260730293574484,0.0
-0.5866566209289703,-0.24531501780823112,0.1661413819405337,0.08309216551583085,-0.5978174129762349,-0.0019415831553419984,-0.16893684896814784,-0.060336825370772854,-0.057854628187790476,0.0
-0.6860359643731921,-0.30097913657550296,-0.2366775526451985,-0.18819842007873747,0.26507420024933914,0.08502134528866387,-0.2697300946778643,-0.1767934165606464,-0.18360930146287052,1.0
-0.46741307559514556,-0.21428917402940098,0.03178535905799853,-0.06703246593740467,-0.7888547620440702,-0.37566586170886834,-0.30068703374173994,-0.071478961001094,-0.03597480686712936,1.0
-0.411686909711893,-0.17830593963582028,0.7039042821851934,0.6297289501534205,0.10989887532922701,1.044359362443127,-0.050255734246198204,0.07745260337453774,0.16211543394072353,1.0
0.20478162373304212,-0.10376428027698022,-0.7295155909489504,-0.6217535027828237,0.4739094680601805,-0.5120536490500434,-0.40052180242585383,-0.41059204727295373,-0.36795375932470026,0.0
-0.8058716755523337,-0.2324063484689653,1.0162120293642243,0.671574132950529,-0.5884445895659586,-0.33427555641696616,0.1348296248686421,0.4264589900949141,0.4662485804831698,0.0
-1.2944562667476707,-0.3495442316266631,1.146397405004415,1.1160581882566358,0.32107470735681787,-0.26607878498379894,-0.021327835811958205,0.08688380138951347,0.06971590752621479,0.0
-0.7459531482355201,-0.2609705145248521,0.2387951050826812,0.029825246797653974,0.24370665430756652,-0.5030200825040035,-0.08074952776413095,-0.07087970434502265,-0.03915683279030244,0.0
-0.5238321360512325,-0.2816837413263149,-0.5953907594069935,-0.40331972168921415,-1.9039536479929098,-0.4854171112878272,-0.9363465798121224,-0.528678416218739,-0.3683807671584043,0.0
-0.013272250298741992,-0.1019209228254487,-0.009792865897299352,-0.08701240395053765,0.1917197655254488,0.35502722680944143,-0.3667736813636646,-0.12286600084046295,-0.018146336640696526,0.0
0.4454426261830299,0.015071044328007809,0.18590646462907323,0.03527386415532487,0.43110765717029653,-0.5105541616570847,-0.37688733475742175,-0.27027462785114553,-0.15004276964113133,0.0
-0.7154181922322104,-0.24601086996151741,1.4320848295352147,1.3775164768869743,-1.9742830849999768,-0.5031104640789781,0.411172975950905,0.415780508191327,0.38469159317575924,0.0
0.7902997471455243,-0.027653233901810622,-0.8849883253713727,-0.6430843498740388,0.03809356760254445,1.6895427289462641,-0.525745779705099,-0.43651594754172407,-0.4616757473318117,0.0
-0.826388086122267,-0.30216900401717683,0.46800432280340293,0.5704764457812443,0.1592025213505714,-0.5161875546483493,-0.28622800901837125,-0.10042265592299282,-0.001208458372413801,0.0
-0.1727212494005747,-0.17990922155000003,-0.180575016626512,-0.3384841348710461,-0.10346621669897765,-0.5222183830245805,-0.5503583116554752,-0.4039220097371151,-0.3513959008729535,0.0
0.4026709784839627,0.002474019739580602,0.0841009735773303,-0.027891342498937818,-0.385295880372311,-0.5172079262137395,-0.2945748531533796,-0.21289716988840618,-0.18104136706810706,0.0
0.3893758063649444,-0.012394195083417532,-0.5379050243411752,-0.5206024486952168,-0.3083203006932882,0.7937171557618333,-0.5348845902019894,-0.414809962754997,-0.34599181619432207,0.0
0.7460027447060001,0.04007568480064709,-0.8090100121879171,-0.6790157375516221,1.1487332777959278,-0.006608988157904397,-0.3726390903413448,-0.46317849226059093,-0.4663591042293882,0.0
0.47979213841960405,0.005103544417248183,-0.50670247719533,-0.46029876280510856,-0.9112880539615436,0.2672318777964679,-0.44723986850255687,-0.24690514040986092,-0.25809040702960584,0.0
-1.0642870471637926,-0.33967858161689485,-0.14502157105087363,0.006171632601354373,-1.2279801445939171,-0.11211197389632005,-0.3475329523798024,-0.25663483330052417,-0.1783396517824078,0.0
-0.319593838889301,-0.23079593526750986,-0.07634905244774508,-0.049496138648492255,0.294022043841408,0.34937921078543405,-0.30988973758377464,-0.19098445500811742,-0.13441346466814724,0.0
-0.17355063585896943,-0.20674903194803868,-0.9092769945131798,-0.6918452279587214,0.37772520262402653,0.33436211513439706,-0.316641760678138,-0.35871147756262756,-0.359006236388266,0.0
-0.9160972490592846,-0.3110720899016332,1.0617776130233734,1.2416516966639983,0.002903609356105394,-0.4895094041788023,-0.03478420138655287,0.1395592535199272,0.20283265905689013,0.0
1.3819177120071138,0.15072935188394007,-1.0663710012760066,-0.8103497759014954,0.36074291780361706,-0.5057208324692518,-0.2830837384057173,-0.5411453031983452,-0.5508887410202606,0.0
-0.724384203712245,-0.27449466568758646,0.1916448376601059,0.16195294064536592,-1.0805807351019734,0.17648738079339168,-0.40985187293840397,-0.09892730016190772,-0.006756913074543804,0.0
-0.714732529647712,-0.2355594761069321,1.3771454782774841,1.316316951435834,0.5745008120675504,-0.5039083380202374,0.10949989129726607,0.2863706125680296,0.3527312389526988,1.0
-1.0667470800717258,-0.33317289511048576,0.02516930438008352,-0.02267665376552472,-0.4283980814642636,-0.5007937618922204,-0.3752879598209111,-0.2658315942554224,-0.2667555109433097,1.0
-0.5463460240677337,-0.235293967503911,-0.42140067228900596,-0.45353636943260667,-1.3698414088507112,-0.4932974115546578,-0.06264985045506162,-0.24434880709493703,-0.2910462689361389,0.0
0.3023763024102572,-0.06174306990173281,-0.6263276148957598,-0.5093418940176058,0.11505617643212927,-0.14895861190516393,-0.3618969567849721,-0.2601871390123249,-0.2103114143186966,0.0
-0.9334228321900102,-0.3196010443698622,-0.24859384754001077,-0.15269935689600367,-0.45875891272755426,2.8180491689059775,-0.39708983318054075,-0.3012655704710835,-0.21168644408842976,1.0
-0.09800262336794782,-0.07588570524735576,0.012826513954254439,-0.16376032517096,-0.06751344823869074,-0.44917649679752447,-0.23932099760457998,-0.15424525065156197,-0.1214048594369791,0.0
-0.03236458163799244,-0.06821168403811446,0.06593400404657916,-0.11054654957981344,-0.7999940721125786,-0.3966332886863959,-0.1952723988538454,-0.020014695834118912,0.025935584732096385,0.0
-0.24549069459986034,-0.19746265230400947,-0.5646505723713172,-0.5331819024194027,-0.47833688905540994,0.2307002227224351,-0.6747315362673451,-0.49846571383779414,-0.45586917662671894,0.0
-0.3456373706473209,-0.09167599328597609,0.7179592578798762,0.40164804772035245,-0.23540894439453916,-0.40168649258553,-0.11779469891944253,0.1050392552362212,0.24464765579862088,0.0
2.324467681739965,0.44020922089618314,-0.8745928909005153,-0.6104984474247733,0.27717026548234297,-0.30043314514125335,-0.21926383692443233,-0.3906883730983063,-0.3950869037368348,0.0
-0.42885389967568693,-0.27098443283016355,-0.5935375263926383,-0.4908290349845498,-1.8210846387956756,-0.5227780326200204,-0.7350157158655813,-0.5414501217965659,-0.4400207960935227,0.0
-0.22539814883146625,-0.17187957186247965,-0.4234760127430692,-0.3940254930281688,0.44863566229555435,0.43879248898148876,-0.21354752937918936,-0.13870921669930042,-0.14518697898690006,0.0
2.526556929070328,0.3445329622831143,-1.5685975476800778,-0.977865005975808,-0.09245478561400464,-0.4444368296576254,-0.6379593854914952,-0.630041121163768,-0.5851187091517142,1.0
-0.3005285659004451,-0.20064181099030926,0.1181873951346574,0.13147454231805808,0.13816904214899237,-0.523063884625777,-0.11840692821459319,-0.016907289678774858,-0.0156734264596069,0.0
0.08974562669764047,-0.15943482283607505,-0.6882622684832413,-0.5670959835785436,0.6215297155730249,-0.44821920843726276,-0.3050959334348291,-0.4000652021805828,-0.38411490929712094,0.0
-0.020969360398596582,-0.14505172045320844,-0.347027082914416,-0.34208232118834436,0.09562290791607632,-0.4945868198509716,-0.2790396658873872,-0.22994567240121325,-0.2472906713589083,0.0
-1.0799521561065164,-0.31355122462688556,0.40851011956416006,0.11207200717490746,-0.7681985373595187,-0.41107269020163645,-0.4261310355956493,-0.286381186545159,-0.17624779030723284,1.0
-0.34250203327368256,-0.20382975346045915,0.09649291062919069,0.007778797114199164,0.11800369115579083,-0.022417527789589883,-0.24000504554990362,-0.1614463101519332,-0.1250229667946063,0.0
0.0014403204137705178,-0.1148661805302681,-0.567617872570438,-0.5133975472128349,-0.49262208128860296,-0.4711271909554688,0.0006977400306895908,-0.24309406915327267,-0.24323417453322835,0.0
-0.19760222763315122,-0.1816466029743319,-0.7041928263103545,-0.6571166795438057,-0.7657139291276814,-0.513860935465383,0.13686791255365477,-0.2389970241735325,-0.4115874502415823,0.0
-0.24581610042662944,-0.22506400212668187,-0.8111912740167135,-0.6743786491620969,-0.0328936669417719,1.604763829359163,-0.6443482542714875,-0.5634575931161431,-0.5105219323178286,0.0
-0.11795382407974317,-0.11965806353385351,0.13909035882146334,0.0957643977845463,-0.31020533219468804,-0.5219465377855308,-0.16058722473142753,-0.14642138596285245,-0.029036515575252254,1.0
-0.40759308344259637,-0.25685040791006464,-0.6435163271933382,-0.41007694374116493,-0.2108169562763819,-0.40040876401939873,-0.3022198430933862,-0.2801202464817985,-0.23943772942737696,1.0
-0.323675774656682,-0.2143477907921152,0.20198774016835608,0.15914422466149764,-0.10316577200647807,-0.30385952019676254,-0.25301176858501656,-0.091203450554517,-0.09206364975425718,0.0
0.39885959487876516,-0.10055256152293071,-0.9296425732061928,-0.7213493055461869,-1.1353255585904733,1.4357646224372058,-0.2746186084792744,-0.45952719250111723,-0.4545889149489116,0.0
-0.3327109353163725,-0.12376608841584939,1.0317565196490737,0.6499083700322916,0.02549172439717747,-0.4661763255388626,-0.04661504952851987,0.14806214824807856,0.24465438987632807,0.0
-0.10403565725867478,-0.16871680236925085,-0.6820182450318752,-0.5866302089911595,0.05385590241721623,1.172188840006929,-0.5315715435096602,-0.49609163406320755,-0.42087428800608934,0.0
-0.6873302531221135,-0.26955733705204055,-0.0576059680329034,-0.12499651701655368,-0.1757003190532423,-0.19337697734143308,-0.43336533045401016,-0.251697705693732,-0.14233734600523787,0.0
2.3930716903281954,0.5561572499298101,-1.093369423734794,-0.8008735689286757,0.13543327966247418,-0.19519992372325798,-0.48024164252534374,-0.5114568155408471,-0.4808592739391116,0.0
-0.053245778933443635,-0.12332740914243452,0.6113514865522047,0.5071998904805302,-1.6003013931849728,-0.23538345300564448,-0.23578308715275512,0.03630513311181863,0.16024371839733745,0.0
-0.00796061765770294,-0.17542511056107382,-0.6091811736740331,-0.5216208338602322,0.09388923043747903,-0.45596313273793215,-0.4554495100682693,-0.41369777453109213,-0.3720606596227315,0.0
-0.17345616379892562,-0.2312038052973495,-0.9990088606045814,-0.6967664548569233,-1.8240176036253193,-0.3891019622179603,-0.6173996562427045,-0.4738159271925814,-0.4438981214493442,0.0
0.34042791537513944,0.00225616140951752,-0.38652576724222226,-0.4600518263949977,-0.023742798367026193,-0.4939818536766794,-0.3135221452095444,-0.3396327928507344,-0.32503356855824833,0.0
-0.4930299351573544,-0.20331983200148412,-0.46846084365721813,-0.49408018672839016,-1.258322857353749,-0.14659233402229224,-0.18574517336293794,-0.17285714553605477,-0.164763881921578,0.0
-0.36298379031499006,-0.227153915214683,0.10161744996070925,0.10786285079343849,-0.3387188859435996,1.1533363956079874,-0.39374623230472716,-0.2394361848585283,-0.19316666534820448,0.0
-0.6341300710544525,-0.2621655872364498,-0.70000306738052,-0.6203501580523251,-0.41083083283692234,-0.42222669215698794,-0.35966152406990703,-0.37667818272244097,-0.4018193620654596,0.0
0.4566691966460239,0.0403437721292361,-0.5491468953705789,-0.5829999483402819,-1.2287469664462196,-0.5230318090971527,-0.2965487876068364,-0.3642432030679538,-0.4027086155528379,0.0
-0.33864535710071325,-0.06298193765663837,0.831204012176217,0.5316711544837047,0.23433718825270533,1.0499118373358132,0.12119900861642434,0.35609120888158285,0.5049396198734076,0.0
-0.20779745274699132,-0.20941449550641195,-0.36439849400343466,-0.3261700465849189,-0.473050076428562,-0.38079293356214805,-0.6712025955305692,-0.4361392177159949,-0.27332930549238227,1.0
-0.15297686537849692,-0.18684145542226335,-0.41462129197096065,-0.40516736740847914,0.17295778258210362,-0.20531007899039147,-0.28579363891008475,-0.26922261126688013,-0.25158927636894024,0.0
-0.6637440520935753,-0.24857915919965606,0.06575438406101891,-0.10937018182159784,0.06730511340106306,0.6392814670710782,-0.3626422255513689,-0.23041964134385223,-0.15113561706306844,1.0
-0.47560379937257846,-0.13580353732211142,0.5642176237786913,0.18283861310343374,0.3461206374046114,-0.37120222506071004,0.06857286684042212,-0.02117014910019107,0.07422482292137558,0.0
-0.44230550090137405,-0.24897757081559313,-0.7439808949398365,-0.5731874524814156,0.008647072268689483,-0.5110101144829438,-0.3908317267300313,-0.388309737689276,-0.35034066565918476,0.0
-0.7813219876707913,-0.3231654706121135,-0.6229259747285818,-0.4549976253488591,0.007623152316352867,-0.32192093832263063,-0.2973587525624938,-0.3171376015641258,-0.3303701367897966,0.0
-0.05291839419863014,-0.18735330915379741,-1.0442386605511422,-0.7830744463221038,-0.6273569782575927,-0.2723351909458076,-0.6204540681837707,-0.558168186245728,-0.5147958898218882,0.0
0.08535081954151695,-0.14864994012981653,-0.43392260104246616,-0.3013301718065281,-0.019384073526434637,-0.030164122697300403,-0.18540052027917364,-0.20387421987436413,-0.17545601581632844,0.0
0.06715139220472763,0.1377211751603721,0.732297358030818,0.2537187765485602,-0.23150143685700014,0.2651313012761983,-0.06493944959707958,0.09178936505886284,0.175886875163767,0.0
-0.22547029948583852,-0.2157475317357131,-0.15694890332702588,-0.17690198976225338,-0.15208565666098395,1.0430642299395678,-0.6106741536491084,-0.45305333949215093,-0.3624355538388129,0.0
-0.8050115880746418,-0.28409934921265295,0.3167840813157016,0.2559212148799557,-0.031166801531603654,-0.042708856132005715,-0.06050793133336535,0.11311069133040252,0.1096506386394062,1.0
-0.5665035165840169,-0.2826774165847975,-0.483589462037041,-0.42352887414302476,-0.5693825368423309,-0.512438049497277,-0.507659084192424,-0.4135790484095382,-0.45043108897495715,0.0
-0.24847934152465673,-0.20581668345136028,-0.17254553183779514,-0.18139420200418543,0.1686207860396642,0.7310079385799954,-0.4173593606188595,-0.2636871685491609,-0.20232111841289369,0.0
-0.259332284242225,-0.14787028977705474,-0.032113355925122766,-0.16279324572555898,-1.1002164191115942,-0.04288639178879549,-0.49681585974762726,-0.20491364407747212,-0.11165669792932023,0.0
-0.4520359093013629,-0.21637050446598385,0.2666746195733123,0.055170050082879514,-0.22025439851086462,-0.5143546869614731,-0.3470090746164298,-0.28520398336637254,-0.279312203298129,0.0
-0.03686040779965244,-0.22306110929185916,-0.9744009503088032,-0.6804125957896331,-1.3312285087951676,-0.4269153699482585,-0.6278319610761376,-0.5227727479972086,-0.44674610935952364,0.0
-1.1603566500006157,-0.34173318823094384,1.4512410990777882,1.5770412460972525,-0.3874617938311457,-0.2238763676093271,-0.14228784863474622,0.06796647180023196,0.23968903616839338,0.0
-0.13174630993381187,-0.20707700641801047,0.5958115716239251,0.5688568974280902,-1.0253046965453938,-0.5076995576986747,-0.25511455780197034,-0.06441140612801957,-0.009175022701044618,0.0
-0.05194136319609687,-0.1729465548780454,-0.3159696527011375,-0.30121266053358475,-1.1769052302084295,0.23287102143189506,-0.3654766459174141,-0.2850831182758553,-0.25377307234174007,0.0
-1.016289586827877,-0.33950159034292676,-0.12065774149413018,-0.06439534204328519,0.20211523582789329,0.6402773913557249,-0.2632430746927688,-0.15870849694015182,-0.13675374474089602,0.0
-0.9343164744534432,-0.31693243902253215,0.9159330361512343,0.9337893784688919,-0.8157517136624887,-0.372722882121504,-0.16156513587503396,0.05649990961519627,0.14622412492818018,0.0
-0.49764505024892836,-0.1338046951656142,-0.018367450146868754,-0.23942425423042651,0.1817179284643181,-0.1955970543358348,0.008990397174928961,-0.12388726473814124,-0.10521524967800475,0.0
-0.7295806559656193,-0.2595027675100463,-0.08253300651989932,-0.17704643577990226,0.020494590853071402,0.13454718081418957,-0.14905646123853275,-0.09672014641079041,-0.12457632792063847,0.0
-0.4006754187740002,-0.18125899012401409,-0.18776414223194024,-0.30997924561408563,-0.15831414856504186,-0.39247798822145774,-0.3528252036565142,-0.24722710937677653,-0.1942672580800822,0.0
-0.30953397914028635,-0.18917812753111876,-0.14893951733941937,-0.10171802891200118,-0.08944066147781886,0.8447277164133213,-0.48618479070108017,-0.2876686129653591,-0.15851881740243592,0.0
6.623514174669732,2.6783454475320654,-0.692174312535768,-0.6154328622701778,0.23733045062903602,-0.3799592924658666,-0.2691201252565385,-0.34369657704075113,-0.37861373943062565,0.0
-0.06972748968485204,-0.17175004364044272,-0.7195647447366688,-0.5757617884796575,-0.34754532157250256,-0.4224177062722687,-0.5688596783598836,-0.4195506257766477,-0.34029768100090124,0.0
0.23555201520897273,-0.08653211130245787,-0.033259836494715846,0.018222468302831692,-0.4982387942247964,-0.472251346751604,-0.05207011138622562,-0.10446447014072532,-0.0448861230665936,1.0
-0.5008969757951668,-0.33803325552756863,-1.5559285474059412,-0.8885749158458898,-1.4539776444228318,-0.17286605316452075,-1.1048328701729404,-0.7913179063901138,-0.6366121802666547,0.0
-0.2694529882293349,-0.09948467048869357,1.9703671452441378,2.0562281612832467,-0.30245709496016865,-0.5065280032610275,0.14949041938858357,0.33218472854354036,0.4916595527088032,0.0
-0.4241814804919559,-0.21294481855207284,0.05233984711163175,-0.11466844976009267,-0.10135020982274592,-0.14955554922761555,-0.3762432372576975,-0.42347720635008573,-0.3472117340957167,0.0
0.05059557080398384,-0.08578456523747188,-0.24663789075125808,-0.29049250227462253,0.25180363034063974,-0.5179644894435065,-0.41894047048400007,-0.42380003128833377,-0.35851804070897636,0.0
-0.7689746830020551,-0.29648607416170003,-0.4299385404088749,-0.33774936347564566,0.16652998357412555,-0.37831245489544907,-0.49339360916067115,-0.34057861656579513,-0.2531907030565681,0.0
2.4033652382148762,0.49269859900742013,-1.1880706778644248,-0.849479492905077,0.3706026060130823,1.8308514082976242,-0.44947993408098963,-0.4935749159272131,-0.4935835017513146,0.0
0.6641140251345129,-0.03965516903911247,-0.8282910012646947,-0.6626862690374812,-0.7144475552327156,0.3894985783201793,-0.5609680065235124,-0.5693268413865827,-0.4735965193158206,0.0
-0.24511058670535246,-0.2566694172249947,-1.0062733119061826,-0.7229871472584172,-1.501733652614724,0.4187836417075335,-0.6368312903792457,-0.5942917034845886,-0.53020711254046,0.0
0.11119057072310022,-0.1361568382929891,-0.5635179678280559,-0.4520602136372054,0.19281476255232385,0.04202439455898319,-0.3713472036814722,-0.3240024167155021,-0.2611231441874995,1.0
-0.5719768385678784,-0.26347987452524757,0.5073140768688903,0.33536014383340595,0.1865767896469992,-0.06767729697262112,-0.42523903761545895,-0.30799053408393684,-0.2345001139521903,0.0
-0.12584519796978383,-0.2052289783082228,-0.9111969610997868,-0.6986200608322909,-0.988338433356075,0.39686898029582096,-0.7173653618342033,-0.5415367263071456,-0.45722473064497193,0.0
-0.8214098986942386,-0.31209121989613964,-0.19249120765791583,-0.1228319281554389,-0.6495980600235699,0.3116286098525473,-0.467078579161337,-0.25397034549701286,-0.18182829164203076,0.0
0.24094240565120623,-0.019752224984458472,-0.3087132198645475,-0.41098985957467415,1.4600745153154115,0.7730867302402105,-0.1304674492777494,-0.2526552239976019,-0.2510065081573475,0.0
0.4677250100091973,-0.018689084172735328,-0.7542226388805079,-0.647697679146642,0.13458867052118745,0.4692446591235252,-0.5481753090041124,-0.4158110713520665,-0.3348626107895757,0.0
-0.011672585943806471,-0.14200222441084903,-0.7840049462074988,-0.6500007299357298,-0.7449675515723486,-0.3942337867674982,-0.5010945463818457,-0.39868310033035004,-0.3057104109794615,0.0
-0.191895514076294,-0.2679838144051495,-0.5421069880280459,-0.29536668815100886,-0.5294206195000289,-0.48940782844061864,-0.7322959579331338,-0.4731618892564722,-0.34743869571876096,0.0
-0.30467552355448296,-0.20998929156780452,0.2167510114526325,0.10743595676402962,-0.3003544576404724,-0.27210763327110987,-0.4255063839101835,-0.19783632907518808,-0.09279889886446815,0.0
-0.07767752192985389,-0.18085974168596253,-0.753432581272009,-0.6484299175746505,-1.5149928970084623,0.48288941912869804,-0.6399633288120886,-0.5552672423854225,-0.492862700505328,0.0
-0.6259075557066693,-0.2439609439482004,0.05083227864529513,-0.10181429371725138,-0.06992063919245999,-0.4538924429248625,-0.5005654193941345,-0.2752408761471526,-0.20538306465867168,0.0
1.006055569619784,0.2291783704343562,0.5091856243828676,0.45796869859896205,-0.5736834635109205,-0.5091288646866073,-0.2239757887733008,0.021062585449774643,0.11066609343881903,0.0
-0.5938045569932392,-0.2969836465644403,-0.5818890549511984,-0.4569463726799432,-0.6496779491904544,-0.17226897091672366,-0.6044793336621421,-0.44265457667090713,-0.4054366011571153,0.0
-0.7613180896513114,-0.24100983387820613,1.0335659788182334,0.7707556134122472,0.4679381980067121,-0.4015399932499195,-0.4658829168127263,-0.08522170598229255,0.09772603350724117,0.0
0.27626635940968375,-0.1329108303321069,-0.9570159793824646,-0.716728958331783,-0.11883418162495946,-0.3978131345993289,-0.5555729215028503,-0.5228209131914279,-0.4807445422389455,0.0
-0.04018860319145073,-0.152571378070448,-0.8177459950296945,-0.6841290645654635,-0.514937083780623,-0.47177802661351925,-0.6687729196780451,-0.5435657978613286,-0.4295490746281072,0.0
-0.47923373236630173,-0.22002714973226048,0.06200441785011212,-0.13580044855847787,-0.44670420467070027,-0.33213632163912066,-0.5669354067820559,-0.3273358288863874,-0.21823093441965408,0.0
-0.28561032285621696,-0.212557927540575,0.20871954459756203,0.11323459071637333,-1.4216153541534324,-0.4701902287111528,-0.3282272361943978,-0.2021124702917966,-0.16173297394002156,0.0
-0.6816757834828773,-0.2837325219357707,-0.716939563217215,-0.6305387464439918,-0.08825972472805588,-0.17981100522346488,-0.30313193433602,-0.38337061467744243,-0.3825254026812585,0.0
-0.5259693837186699,-0.19729354945029087,1.068846750622424,0.7638904150267184,-0.4187693432136352,-0.4986417812241815,-0.026400794501793806,0.14524073177952085,0.24571599408998027,0.0
-0.2979805253870575,-0.13350329961248703,-0.12706219342351216,-0.3672051403356974,0.27528464862751834,-0.43047451223455213,0.23547304055501367,-0.0529911164668894,-0.22815584167488,0.0
0.12544772262684087,-0.07655501943144376,-0.14857954775617097,-0.21469425312065077,-0.8604347305405828,-0.49875678207717483,-0.416940756078817,-0.2832140501803736,-0.17219138833171055,1.0
-0.680800569890628,-0.304678624511416,-0.5663688872166872,-0.4183673760974954,-1.4061516783007835,-0.07895735569514413,-0.532126049465386,-0.44786725889946255,-0.37624441861214597,0.0
-0.8841995191409485,-0.2999274821686206,0.49905344570217347,0.3713153293527273,-0.5057142170832655,-0.49206633306161157,-0.1778190237719985,-0.04134483309156461,-0.010080114117356096,0.0
0.21176755930950872,-0.11063215446742862,-0.8875553701367209,-0.7067828330570906,-0.4879187065256963,-0.12136519542699026,-0.5092524677570328,-0.5421610298725532,-0.4671483810974632,0.0
-0.5172167698748906,-0.2100605457745391,-0.027704934220110153,-0.13086714797366533,-0.2332689854263761,-0.11691578384882481,-0.7115281272207755,-0.3549825552971636,-0.15734477030531455,0.0
5.661421685408389,1.1440912610455634,-1.145645258792663,-0.7186304677595899,-0.09719366244834776,-0.46236265417275474,-0.47438458742983997,-0.45153285238495305,-0.46514162712975715,1.0
-1.1329171665889206,-0.3293718123417516,0.7430758928983073,0.5029854258484745,-0.06977304985699206,-0.3706330522138136,-0.22611941942139896,-0.00763302716842509,0.056422925637426034,0.0
0.5430714593881171,-0.017130258518721176,-0.9051602596344525,-0.697829381571858,0.10047648812524214,-0.501907533409766,-0.45990971282715637,-0.43053858031230374,-0.38377240667122564,0.0
-0.7428366498079149,-0.30683644762301077,-0.6462363915774854,-0.5037855247312245,-0.46166350422445057,-0.5142304398234921,-0.541037079249292,-0.4887314947394513,-0.443109007678077,0.0
-0.31917247721990455,-0.13915797939439417,0.7567618181984804,0.6407777504544474,-0.33166014106661856,-0.08704028578584684,-0.13604826060042177,0.0898996217493088,0.23871078727510955,0.0
0.5579862368433642,-0.05826727861158499,-0.6260219115926361,-0.4471270221395999,-0.03491708227814053,0.043418811629945674,-0.3285132268323557,-0.23329460491328416,-0.21998362704189522,0.0
-0.8489412545750543,-0.3359719101889093,-0.875305209600467,-0.5866373979131514,-0.05500923948711002,-0.5184229940210489,-0.6603583312405987,-0.5184071199691841,-0.43443965470988555,0.0
-0.16828820582028767,-0.13174537519151402,-0.1732356654152893,-0.34801351523817314,-0.268944012660983,-0.3684630649485685,-0.25924893488276285,-0.2661594172732452,-0.2471515554793198,0.0
-0.07390561646285224,-0.08982833013392284,0.7763644559254994,0.6816649529186759,0.20882066598665522,-0.27522353685864726,-0.07454156986442982,0.14631569670971767,0.2727384612803194,0.0
0.18853786415084603,-0.0916338714855954,-0.6535549839456395,-0.5803726338322566,-0.2929267120545877,-0.5225339293527813,-0.42636227483772443,-0.3792884680574554,-0.3340559225461661,1.0
-0.43589060720639106,-0.1929205722401521,-0.17080111939552342,-0.28086407446204736,0.8753102547432755,-0.5158350816484513,-0.377007997725987,-0.3296503697284217,-0.22223326328248028,0.0
-0.38029285059361123,-0.20128260376792007,0.11187815918756605,0.025478410305522187,-0.30756577529475354,0.40901061367096553,-0.47148347052902495,-0.24656170728174284,-0.08170420619676978,0.0
-0.36812420771869,-0.1957856642658436,0.11867441846881334,-0.0017850819158441876,-0.6203904302746575,0.1019736467592277,-0.5541864438252818,-0.2397742156085017,-0.10958226244896578,0.0
-0.818135716794415,-0.30237783697329185,-0.08703957650270733,-0.04881679463404114,-1.3840041180676679,0.048366199159898315,-0.517741110920911,-0.23639808224698755,-0.12548602493007124,1.0
-0.6192023446494803,-0.2725232000595753,-0.386463723867897,-0.3575275391582795,-0.029525269924152154,-0.006567432933329193,-0.598960163440317,-0.4435892134511164,-0.33541407599352163,0.0
-0.49295362144395316,-0.24847784905396522,0.20703388406296883,0.10585766409040229,-0.46585194089251486,-0.2713883681064678,-0.3870964634268434,-0.17562650448522918,-0.09735807139905914,0.0
-0.5050007426507187,-0.2728240441019726,0.3138716087766565,0.38311288916731756,-0.037615256250617665,4.550166260989785,-0.3885571944507861,-0.19235202491217926,-0.08602576958036394,0.0
0.7757251541184922,0.06703770159720523,-0.2503843686819028,-0.18005033961376882,-0.7981180652412156,-0.498758384646349,-0.3410243325653203,-0.15548331229016976,-0.06806340249589676,0.0
0.08433468580242999,-0.12124886627763727,-0.7858702179463732,-0.6914338574080756,-0.4172936288580426,-0.48585795171069046,-0.47762462588607324,-0.42163603836080915,-0.4152120478871672,0.0
-0.3440902409322231,-0.23548515104635903,-0.8140876349417767,-0.6098524174739121,-0.7090963690536483,-0.5198743911627977,-0.6661135816504021,-0.5940023840233454,-0.4663724778657658,0.0
0.43135656806914563,-0.04223066262861515,0.19928889038247768,0.22455304408606644,-1.0248820411627018,2.4683690581094124,-0.2724342904150058,-0.1301759330534358,-0.042190491883566786,0.0
-1.0141834045841658,-0.2943334385037847,0.8964294054569172,0.5228186163068866,-0.48627941710488537,-0.4475358726639919,-0.36133040334286987,-0.1312662683908168,-0.06530870558197098,0.0
-0.5780646849441476,-0.2488093930679438,-0.023838549552145274,-0.12985502644854688,-0.21135146167946517,0.1794311083966393,-0.46914020362589787,-0.24770205364308487,-0.17086035024000665,0.0
-0.3027331135245564,-0.13071010711807035,0.41428745569473413,0.0999101105553304,-0.5246176307504211,-0.452183639214643,-0.23457277509802607,-0.10119918312079329,-0.07280265779543232,0.0
-0.4429384290987497,-0.2708003622541515,-0.8636351431879352,-0.6086774736205068,-1.5749082122207805,-0.3823562946985737,-0.5800092332571016,-0.550190861778336,-0.4472654990928157,0.0
-0.19401472698439431,-0.16810658511420634,-0.42699694913008074,-0.4373508044362722,0.13274299737333808,0.9818531278688295,-0.48272657345952524,-0.28485244110092056,-0.22714673460427284,0.0
0.049405512859227535,-0.12885312627173448,-0.2990387701325191,-0.3324367349447462,-0.9760552131851786,2.3120495936816563,-0.5936934451878153,-0.31095511616564153,-0.21353993964062773,0.0
-0.05212422285278821,-0.20051916744064868,-0.9222155374722529,-0.6969639041627734,-0.1400177437918383,-0.19536771515376658,-0.5760298572536245,-0.43301098492547874,-0.387190276048084,0.0
-0.8986742149253941,-0.3083777133327104,-0.3539392877849937,-0.38495190466396945,-0.9861804383673459,-0.4521193036985272,-0.3413105249572425,-0.2764192182103864,-0.2639341227898923,0.0
-0.7594222326362301,-0.2499116191971367,0.2934990777830478,0.09464889610328353,-1.1385747637757546,-0.3532535115608046,-0.3955993738382523,-0.07969685558241187,0.03885697674607773,0.0
5.664772924990748,1.249610877507322,-1.645177402951118,-0.9727947318454054,-0.6339863589479473,-0.17753496434673413,-0.6609151588649959,-0.704356020945449,-0.649009985325696,0.0
-0.07538595402334194,-0.19881384931020996,-1.0310196482218073,-0.7279203347659384,-0.5566299321923355,0.044860826980869024,-0.5135499778581291,-0.43595217112637136,-0.4118671235948884,0.0
-0.5309863975554012,-0.29633650488796887,-0.5779723436701992,-0.45176510330730846,-1.0951901980645018,-0.34930203327616116,-0.7231846890280077,-0.5163150631627118,-0.44076937356489604,0.0
-0.5132615185037874,-0.26913287068635255,-0.8962110232574125,-0.665584037869251,-1.6297551088572078,-0.4356942312865935,-0.7106938279687055,-0.5005046505292772,-0.44145681662622993,0.0
-0.5075686950644711,-0.1954617653186458,-0.19803596002989982,-0.3366188472708555,0.02083461009605723,2.572211888533237,-0.5041059388098469,-0.3297374983144273,-0.22240231227777266,0.0
-0.44315741271563236,-0.225145879856672,-0.5845995616626343,-0.568659401198636,-0.03443512281648413,-0.5176813890869962,-0.5999404129698093,-0.4877281991903505,-0.3742904509931744,0.0
0.25905891911392437,-0.22654414448785948,-1.2608089397419564,-0.8184855804039243,0.1028674987887868,-0.3566782393113064,-0.6546962146367262,-0.6198208954606031,-0.5577849528501081,0.0
0.13173946846514514,-0.10451412138760376,-0.16819656765768795,-0.28848630783199286,-0.6936281333630611,0.6101069019801493,-0.6252016249791827,-0.37874682784577596,-0.29343817418731954,0.0
0.4801614352686376,-0.01997084109978297,-0.48620095105221334,-0.46034884261223585,-2.081988190176018,1.036164686218526,-0.936285790769827,-0.4835041434668389,-0.27798539917290854,0.0
-0.7313669368743124,-0.3255534310161531,-1.0095469154866996,-0.7100887117309644,-1.258891837390568,-0.35462013580815765,-1.002750805582383,-0.7433441046763204,-0.5548215914047198,0.0
-0.6923989687752556,-0.29600078623228604,-0.5253655240981472,-0.46957879800724794,-0.42561282454525906,0.6550093067230611,-0.5811823665019862,-0.4245996430376062,-0.38945481192434717,0.0
-1.1755914609847007,-0.351299993551583,-0.5886261498961548,-0.5353307034954357,-0.3808531656883129,1.1194915525322156,-0.7467433033123234,-0.484578377842605,-0.41099873568142403,0.0
0.13711444161164954,-0.1250920825929248,-0.2858939542144063,-0.27292703644700395,0.6738435759548648,-0.34641097788578196,-0.3408951195839988,-0.356735957948536,-0.26659529297552015,0.0
-0.8561093891076972,-0.29628553908407496,-0.06366600874625551,-0.14607423315126974,-0.7836864278701126,0.3895938089128542,-0.6599851195633618,-0.32574329292312615,-0.17680532128436613,0.0
1.7288963488227957,0.2887179721071511,-0.723602867921179,-0.4757830040144483,0.13081640413045745,-0.502571967369433,-0.527221955650423,-0.5397501919976234,-0.29901457786019725,0.0
-0.06978220982745192,-0.10779614965930097,-0.3409329669999684,-0.41679100425845095,-0.491244784537977,0.5542057579133719,-0.19718351678498322,-0.20334524836099735,-0.2086656733311275,0.0
0.6535247777976368,0.004538246651401656,-1.0754188885267288,-0.793581109160948,0.028137191093057744,-0.18862241846595965,-0.6669716782325441,-0.609992731874416,-0.47269264156598517,0.0
-0.02957155490010602,-0.1526885476209471,-0.9497889808545529,-0.7621970256909717,-0.1307784769808641,-0.117666356701818,-0.7500896845802464,-0.6269537572985632,-0.50313615489379,0.0
-0.13638010331352976,-0.2017116394435193,-0.7540257026041466,-0.5833356580890081,-0.10870004924658767,-0.41452904246324235,-0.5402259398269135,-0.4092534846493187,-0.35340213059052256,0.0
0.18663702381333033,-0.09435938228923071,-0.6230577566775479,-0.5462439948657318,-0.24828702060830599,-0.37408566076080074,-0.509937197292235,-0.38153726176269187,-0.2999614543960487,0.0
-0.7138238804814585,-0.290425973015501,0.14243722047852198,0.0917750705102766,-1.2258893543099574,-0.0073306029562213906,-0.7206203505207898,-0.3740556605643429,-0.21879228645083096,0.0
-0.996882069623366,-0.3177075981463993,-0.10876474888000413,-0.1556150378270832,0.05358964296181455,0.04102649081447222,-0.28817141986509687,-0.10901554080051751,-0.07319657537509851,0.0
-0.9222209861919629,-0.30415378585139546,-0.24395399661323636,-0.3528081498518532,-1.2069280728341436,-0.4977957540296178,-0.4622103043743835,-0.4711639196294648,-0.3850696566335543,0.0
-0.47270479919580355,-0.26587130357104866,-0.7832568314292231,-0.6397881376112531,-1.2424211914818184,-0.3847743235320096,-0.8339522833368341,-0.5813057976646165,-0.49653957795403375,1.0
-0.4864014255582965,-0.2465642320998551,-0.7537077326675352,-0.6465628808792571,0.6637275126691848,-0.5219842187055549,-0.2342868081639472,-0.46304047172275437,-0.4254127541545337,0.0
0.009507119922727498,-0.16466504707126856,-0.6068023345563266,-0.5674394926061719,-0.7102177665852005,-0.4231520822823337,-0.9466219330468014,-0.6692388946640682,-0.457778241678502,0.0
-0.3941708581753416,-0.24911323788732376,-0.2602718271121355,-0.08984825299424662,-0.3366082267447843,-0.5117770797745853,-0.33293591947379353,-0.27159993730490944,-0.23642182141035056,1.0
0.3023646075206038,-0.11127226867793694,-0.69541879622298,-0.5226206522239238,-0.33424480563719344,-0.37494208808236246,-0.7035918181006932,-0.4783223426590374,-0.3728743218137587,0.0
-0.4730407924610008,-0.26152647294704806,-0.708521947284753,-0.5720112167166719,-0.3905379976673955,0.09850282125436027,-0.6966700889721015,-0.5191932387487815,-0.4573096159366386,0.0
0.4106674725017693,-0.10291406345250455,-0.646467059408547,-0.555957274851378,-0.09091685194842074,-0.17219531916794253,-0.6063333841014077,-0.5404314206703216,-0.4860846893251877,0.0
-0.9160905536100956,-0.32055582091695234,0.12274270575704095,0.19184900894834078,-1.382204397143785,0.14682685794140726,-0.5376181130317917,-0.2263561565105996,-0.09854532093099634,0.0
0.3997185042202468,-0.10040782953514966,-1.0797455889268879,-0.7892620133182213,-0.6941917665255427,-0.26638561111221054,-0.8511556012224539,-0.7190182568032862,-0.5555786651260776,0.0
-0.21824296849627917,-0.21418025870322505,-0.4658427336470119,-0.4535051702245123,-0.7825156037716645,-0.10735486456957374,-0.6959144998059021,-0.45264385903183746,-0.34445786627619757,0.0
0.04795780503026585,-0.02863413032976142,0.07783497434469057,-0.08163543470143875,-0.8037535291713961,-0.5230240849464194,-0.3566400998780707,0.04654862338834364,0.09871052952817011,0.0
-0.641683604956217,-0.27389116636109473,0.19620900009856806,0.2947201722818821,-1.4430969434082999,-0.016276552443723856,-0.357255316673125,-0.1644702035479235,-0.020292321489576732,0.0
0.9341457969555758,-0.05147876974153536,-0.9533401670229967,-0.5727793408277884,-0.4360525056768362,-0.5140783480630463,-0.536501244049488,-0.4136329897391288,-0.34010259578537927,0.0
-0.6263958270408828,-0.263514947780604,-0.7208601098626233,-0.6540269390853864,-0.1454594015015711,0.1097265895968464,-0.6151450773488496,-0.5405547419241166,-0.46772968271296766,1.0
-0.7907927822720467,-0.3135099863769661,-0.6527124576951279,-0.53853292226695,-0.01501206921024835,-0.35633666197724967,-0.500205177574536,-0.47750503744816175,-0.4568483755980021,0.0
-0.7930858261692361,-0.3011723911671188,0.6566635418523602,0.851359755261643,-0.9093392358822567,-0.22297152970186432,-0.36182959862396874,-0.08686552998881918,0.06659327544658378,0.0
-0.4931341043862762,-0.20830212470976037,-0.20263852886189584,-0.2661853264767216,0.10849008310801099,-0.3568793271040524,-0.1994204741622986,-0.14390455865977003,-0.11912522497526304,0.0
-0.5427828471349745,-0.2798392435523409,-0.6275324033936097,-0.5516169057250029,-1.361888401972962,2.0517210306183222,-0.705832180798631,-0.5161721606756569,-0.5032073626350183,0.0
-0.406387571733629,-0.18384907308075418,-0.1861529239741686,-0.32644278566906965,0.10732613160650303,0.6413158528241578,-0.42118349553615253,-0.235718425030282,-0.17193956651137696,0.0
-0.08286214051500379,-0.18703077086280534,-0.5613917377281563,-0.5013851932334875,-0.33801790452739444,-0.3886346049858882,-0.5843865670726281,-0.4172794545404494,-0.33647907180763287,0.0
-0.23111837464563967,-0.20848407251414114,-0.5140905470090075,-0.46571181277185164,-0.027958913553715284,0.500777321725319,-0.6907136431886587,-0.45405843710800664,-0.3349211593414643,0.0
0.3192401776825788,-0.054222642733702586,-1.0389829143286016,-0.8072601013063817,-0.45215265921076236,-0.48463875882437446,-0.2259073112694479,-0.4907812651431668,-0.4660969993388395,1.0
-0.4857671529840976,-0.23856858226802968,0.17529286492919122,0.012000357677547042,-0.35225038347176857,0.4728170137685508,-0.6140024803768185,-0.39961590729360763,-0.2599226905533559,0.0
-0.3589612204784844,-0.20818127477014073,-0.5779452629050503,-0.5380647940082558,-0.996862663471794,2.0608479370047603,-0.6581174021434029,-0.5037457678379497,-0.37835006881173705,0.0
-0.7783587644725378,-0.267971361394417,0.030637798147826408,-0.00707555515465309,-1.0078740479466386,0.06003389967623852,-0.32352918910102724,-0.14947874316148582,-0.033236508710977455,0.0
-0.8464002022179424,-0.31845989493120724,-0.7744040752068612,-0.6237140537483151,-1.0498475665730436,-0.3968339322367803,-0.7411354314599221,-0.6351201819219142,-0.47020833004456697,0.0
0.12200240930727152,-0.04916646746715427,0.5672493005057859,0.435318217831331,-0.23880368107613412,-0.5023959850018618,-0.4258738896074563,-0.16313483523615188,0.029225553611027424,0.0
4.2480542358373,0.8465855497190641,-1.3957410810567288,-0.8640467759014132,-0.8495278674902106,0.305650790667135,-0.8198985183498808,-0.6380865864592083,-0.5321032106431259,0.0
-0.6025130912122559,-0.2510540678575683,-0.17358630322673438,-0.22055960795210983,-0.18197577949497573,-0.5075262655231332,-0.45453918688837197,-0.333695731022249,-0.2561815144150739,0.0
-1.1172096724393112,-0.3523241181240444,0.02883460926539814,0.06610117791651678,0.05594502907307118,0.07020687036472342,-0.4471979849225156,-0.33288421272456475,-0.21836271241656138,0.0
0.068977068512789,-0.06945406825014376,0.3103026381876077,0.13000121445126345,0.29052395837672507,-0.5026582751476371,-0.310276985581584,-0.1718014155885109,-0.05158487326196949,0.0
0.12138917209348811,-0.11593847641398844,-0.3763819611166431,-0.39210130002804866,-0.23518828517839382,0.09578343928430433,-0.5206510738700928,-0.38807664480239457,-0.3403489389063151,0.0
-0.6002848084739183,-0.21604627985162464,0.24416964992905799,0.054817178116025767,-0.3077750862719885,-0.5024568414771762,-0.09495792686483072,0.1460249674903386,0.12209889404022867,0.0
-0.10322032957717142,-0.2270594117704537,-0.6455508773911606,-0.45832087745756495,-1.3081626663065482,-0.3097048021716012,-0.6358995603643046,-0.4950740322128742,-0.401959456087891,0.0
-0.8151133778592606,-0.27737251414217884,0.36367873390966976,0.2544317375347742,-0.9649427026695666,1.3204156693273044,-0.32959469393279156,-0.1551688733325777,-0.024234727178297368,0.0
-0.6088102286187018,-0.2622375838932651,0.15789598057301804,0.03945082171139325,-1.627101070193752,-0.5230221156953472,-0.7182343407582773,-0.42440984004879617,-0.3067413317833803,0.0
0.8611981289330851,0.04216251370339441,-0.7519201076813076,-0.6436309549943668,0.25200333613854936,0.4074069270846293,-0.5820957370476484,-0.5233127553981537,-0.4485701767816186,0.0
-0.6393067989120096,-0.26896003073685104,-0.48263073457000605,-0.5163791716775256,-0.4109586500117766,0.7574079591781032,-0.7161904263413237,-0.48134653296610325,-0.3970302907994664,0.0
0.7746127439765781,0.038692694658322445,-0.7650647778289127,-0.6429349936400538,-0.4751300993279534,-0.009218478786078264,-0.7589496701437993,-0.5058448180865411,-0.38833727619013825,0.0
-0.4447162308595948,-0.20850111691014014,-0.257554548936519,-0.39984916247866165,-0.7619343061129153,-0.5080297137420547,-0.5518192564794168,-0.448849132755291,-0.40245308150930736,0.0
-0.8549107470796627,-0.31778509502928864,-0.8896561049240999,-0.695063574004669,-0.4182737788187541,0.05543857582071046,-0.6906763782299365,-0.6142950328636526,-0.5609675824064931,0.0
-0.3042516102394736,-0.24067107792617856,-0.48264430518570917,-0.3617230392707401,-0.39786026584524703,-0.39550766569973794,-0.6931419754521914,-0.48381749344670794,-0.35821794428678316,0.0
0.361019935029981,-0.10171256123816225,-0.1535443160583378,-0.10279910735214161,-1.3845055494904517,0.6093343482649892,-0.4417896720053871,-0.29649942839522736,-0.24528159451298712,0.0
-0.5523844852483599,-0.29786551720750837,-1.0578790406223182,-0.7160990952856746,-0.5501210514037687,-0.4518846312763596,-0.6492684214407183,-0.48338972573605266,-0.42636629178484026,1.0
-0.6190600951768896,-0.22896477308079222,-0.34286470107996225,-0.4776408741511074,-1.1094699963681205,1.012808667428941,-0.754022315508568,-0.49519962765576125,-0.3628156168534705,0.0
-0.7106263373031155,-0.3066166008376892,-0.7449218278822425,-0.5393778760718044,-1.5650456722510258,-0.3153206906760877,-0.3891252020744558,-0.3204651286844144,-0.31654827736619,0.0
-0.21435532464668486,-0.2167345930238231,-1.0962390473605406,-0.8270542292636837,-1.0411925640503479,-0.17263167832955134,-0.5188202889043689,-0.5896458254351159,-0.5544292860735973,0.0
-0.5208169825551534,-0.29074315816165547,-1.0831378580517284,-0.7460155851881196,-0.8547594627458308,-0.5088358006528749,-0.6802515852839202,-0.5535608989543126,-0.4557353556991011,0.0
0.5716913861846532,0.09056152897171868,-0.313598622455499,-0.37454799096755304,-0.2944418044965293,-0.49964182985745764,-0.4946648740833665,-0.37878625751830824,-0.28137870258261233,0.0
-0.6629323756166536,-0.2740661428233885,0.30800310452969604,0.3459401095517625,0.2128982812039734,-0.16824922497620146,-0.16196643845365238,-0.003532762769312418,0.03426092936370545,0.0
